﻿<?xml version="1.0" encoding="utf-8" ?>
<EmployeeDetails>
  <Employee>
    <empid>1001</empid>
    <name>Sachin</name>
    <designation>Software Engineer</designation>
    <city>Chennai</city>
    <country>India</country>
  </Employee>
  <Employee>
    <empid>1002</empid>
    <name>Suresh</name>
    <designation>Web Developer</designation>
    <city>New Delhi</city>
    <country>India</country>
  </Employee>
  <Employee>
    <empid>1003</empid>
    <name>Steve</name>
    <designation>Web Developer</designation>
    <city>Bangalore</city>
    <country>India</country>
  </Employee>
  <Employee>
    <empid>1004</empid>
    <name>Karthik</name>
    <designation>Business Analyst</designation>
    <city>New Delhi</city>
    <country>India</country>
  </Employee>
  <Employee>
    <empid>1005</empid>
    <name>Mathews</name>
    <designation>Program Analyst</designation>
    <city>Chennai</city>
    <country>India</country>
  </Employee>
  <Employee>
    <empid>1006</empid>
    <name>Nancy</name>
    <designation>Software Engineer</designation>
    <city>New Delhi</city>
    <country>India</country>
  </Employee>
</EmployeeDetails>